Workbook

Sheet Price_Data
A1: Month | B1: BTC Price (₹) | C1: ETH Price (₹) | D1: SOL Price (₹)
A2: January | B2: 3600000 | C2: 240000 | D2: 8000
A3: February | B3: 3850000 | C3: 260000 | D3: 9200
A4: March | B4: 4000000 | C4: 275000 | D4: 9500
A5: April | B5: 3950000 | C5: 270000 | D5: 9100
A6: May | B6: 4100000 | C6: 285000 | D6: 9800
A7: June | B7: 4200000 | C7: 295000 | D7: 10000
A8: July | B8: 4300000 | C8: 305000 | D8: 10500
A9: August | B9: 4250000 | C9: 300000 | D9: 10200
A10: September | B10: 4400000 | C10: 310000 | D10: 10800
A11: October | B11: 4500000 | C11: 320000 | D11: 11000
A12: November | B12: 4450000 | C12: 315000 | D12: 10850
A13: December | B13: 4600000 | C13: 330000 | D13: 11500

Sheet Monthly_Returns
A1: Month | B1: BTC Return % | C1: ETH Return % | D1: SOL Return %
A2: January | B2: N/A | C2: N/A | D2: N/A
A3: February | B3: =(Price_Data!B3-Price_Data!B2)/Price_Data!B2 -> 0.069444444 | C3: =(Price_Data!C3-Price_Data!C2)/Price_Data!C2 -> 0.083333333 | D3: =(Price_Data!D3-Price_Data!D2)/Price_Data!D2 -> 0.15
A4: March | B4: =(Price_Data!B4-Price_Data!B3)/Price_Data!B3 -> 0.038961039 | C4: =(Price_Data!C4-Price_Data!C3)/Price_Data!C3 -> 0.057692308 | D4: =(Price_Data!D4-Price_Data!D3)/Price_Data!D3 -> 0.032608696
A5: April | B5: =(Price_Data!B5-Price_Data!B4)/Price_Data!B4 -> -0.0125 | C5: =(Price_Data!C5-Price_Data!C4)/Price_Data!C4 -> -0.018181818 | D5: =(Price_Data!D5-Price_Data!D4)/Price_Data!D4 -> -0.042105263
A6: May | B6: =(Price_Data!B6-Price_Data!B5)/Price_Data!B5 -> 0.037974684 | C6: =(Price_Data!C6-Price_Data!C5)/Price_Data!C5 -> 0.055555556 | D6: =(Price_Data!D6-Price_Data!D5)/Price_Data!D5 -> 0.076923077
A7: June | B7: =(Price_Data!B7-Price_Data!B6)/Price_Data!B6 -> 0.024390244 | C7: =(Price_Data!C7-Price_Data!C6)/Price_Data!C6 -> 0.035087719 | D7: =(Price_Data!D7-Price_Data!D6)/Price_Data!D6 -> 0.020408163
A8: July | B8: =(Price_Data!B8-Price_Data!B7)/Price_Data!B7 -> 0.023809524 | C8: =(Price_Data!C8-Price_Data!C7)/Price_Data!C7 -> 0.033898305 | D8: =(Price_Data!D8-Price_Data!D7)/Price_Data!D7 -> 0.05
A9: August | B9: =(Price_Data!B9-Price_Data!B8)/Price_Data!B8 -> -0.011627907 | C9: =(Price_Data!C9-Price_Data!C8)/Price_Data!C8 -> -0.016393443 | D9: =(Price_Data!D9-Price_Data!D8)/Price_Data!D8 -> -0.028571429
A10: September | B10: =(Price_Data!B10-Price_Data!B9)/Price_Data!B9 -> 0.035294118 | C10: =(Price_Data!C10-Price_Data!C9)/Price_Data!C9 -> 0.033333333 | D10: =(Price_Data!D10-Price_Data!D9)/Price_Data!D9 -> 0.058823529
A11: October | B11: =(Price_Data!B11-Price_Data!B10)/Price_Data!B10 -> 0.022727273 | C11: =(Price_Data!C11-Price_Data!C10)/Price_Data!C10 -> 0.032258065 | D11: =(Price_Data!D11-Price_Data!D10)/Price_Data!D10 -> 0.018518519
A12: November | B12: =(Price_Data!B12-Price_Data!B11)/Price_Data!B11 -> -0.011111111 | C12: =(Price_Data!C12-Price_Data!C11)/Price_Data!C11 -> -0.015625 | D12: =(Price_Data!D12-Price_Data!D11)/Price_Data!D11 -> -0.013636364
A13: December | B13: =(Price_Data!B13-Price_Data!B12)/Price_Data!B12 -> 0.033707865 | C13: =(Price_Data!C13-Price_Data!C12)/Price_Data!C12 -> 0.047619048 | D13: =(Price_Data!D13-Price_Data!D12)/Price_Data!D12 -> 0.059907834

Sheet Risk vs Return
A1: Cryptocurrency | B1: Risk(volatility %) | C1: Annual Return %
A2: Bitcoin | B2: =_xlfn.STDEV.S(Monthly_Returns!B3:B13) -> 0.025548229 | C2: 0.2778
A3: Ethereum | B3: =_xlfn.STDEV.S(Monthly_Returns!C3:C13) -> 0.03344759 | C3: 0.375
A4: Solana | B4: =_xlfn.STDEV.S(Monthly_Returns!D3:D13) -> 0.054071636 | C4: 0.4375

Sheet Performance_Summary
A1: Cryptocurrency | B1: Annual Returns % | C1: Risk Level | D1: Investment Type
A2: Bitcoin | B2: =(Price_Data!B13-Price_Data!B2)/Price_Data!B2 -> 0.27777778 | C2: Medium | D2: Long-term
A3: Ethereum | B3: =(Price_Data!C13-Price_Data!C2)/Price_Data!C2 -> 0.375 | C3: Medium-High | D3: Growth
A4: Solana | B4: =(Price_Data!D13-Price_Data!D2)/Price_Data!D2 -> 0.4375 | C4: High | D4: High Risk
